{
  "Component-dbg.js": 1599124870645,
  "controller/Suppliers.controller.js": 1599124870653,
  "model/models.js": 1599124870649,
  "manifest.json": 1599126421354,
  "Component.js": 1599124870645,
  "manifest-bundle.zip": 1599126420082,
  "Component-preload.js": 1599126421171,
  "i18n/i18n.properties": 1599124870649,
  "controller/Suppliers-dbg.controller.js": 1599124870653,
  "model/models-dbg.js": 1599124870649,
  "resources.json": 1599126421357,
  "view/Suppliers.view.xml": 1599125688311,
  "css/style.css": 1599124870649,
  "index.html": 1599124870645
}