{
  "manifest.json": 1599140029312,
  "model/models.js": 1599135264321,
  "i18n/i18n.properties": 1599135264321,
  "controller/item.controller.js": 1599135264325,
  "Component.js": 1599135264321,
  "manifest-bundle.zip": 1599140029145,
  "Component-preload.js": 1599140029294,
  "Component-dbg.js": 1599135264321,
  "controller/item-dbg.controller.js": 1599135264325,
  "model/models-dbg.js": 1599135264321,
  "resources.json": 1599140029314,
  "view/item.view.xml": 1599135433041,
  "css/style.css": 1599135264321,
  "index.html": 1599135264321
}