{
  "annotations/annotation.xml": 1599206523000,
  "test/changes_loader.js": 1599206523000,
  "test/changes_preview.js": 1599206523000,
  "manifest.json": 1599206523000,
  "localService/mockserver.js": 1599206523000,
  "Component.js": 1599206523000,
  "manifest-bundle.zip": 1599468748636,
  "Component-preload.js": 1599468748963,
  "localService/mockserver-dbg.js": 1599206523000,
  "test/changes_loader-dbg.js": 1599206523000,
  "test/changes_preview-dbg.js": 1599206523000,
  "Component-dbg.js": 1599206523000,
  "test/flpSandboxMockServer.html": 1599206523000,
  "test/flpSandbox.html": 1599206523000,
  "localService/metadata.xml": 1599206523000,
  "localService/YC_FI_03_02_CDS_VAN.xml": 1599206523000,
  "i18n/i18n.properties": 1599206523000
}